{
  "Name":                       "2003 Ford Expedition Rear DoubleWishbone",
  "Type":                       "Suspension",
  "Template":                   "DoubleWishbone",

  "Spindle" :
  {
    "Mass":                     0.0,
    "COM":                      [-3.035, 0.858, 0.376],
    "Inertia":                  [0.0, 0.0, 0.0],
    "Radius":                   0.15,
    "Width":                    0.06
  },

  "Upright":
  {
    "Mass":                     57.470,
    "COM":                      [-3.035, 0.858, 0.376],
    "Moments of Inertia":       [1.41640, 0.26311, 1.59400],
    "Products of Inertia":      [0, 0, 0],
    "Radius":                   0.025
  },

  "Upper Control Arm":
  {
    "Mass":                     3.266,
    "COM":                      [-2.892, 0.610, 0.541],
    "Moments of Inertia":       [0.10548, 0.06252, 0.04664],
    "Products of Inertia":      [0, 0, 0],
    "Radius":                   0.02,
    "Location Chassis Front":   [-2.844, 0.579, 0.527],
    "Location Chassis Back":    [-3.182, 0.406, 0.561],
    "Location Upright":         [-3.070, 0.789, 0.533]
  },

  "Lower Control Arm":
  {
    "Mass":                     10.297,
    "COM":                      [-2.963, 0.554, 0.267],
    "Moments of Inertia":       [0.41095, 0.28797, 0.15619],
    "Products of Inertia":      [0, 0, 0],
    "Radius":                   0.03,
    "Location Chassis Front":   [-2.710, 0.565, 0.339],
    "Location Chassis Back":    [-3.184, 0.231, 0.305],
    "Location Upright":         [-3.009, 0.803, 0.244]
  },

  "Tierod":
  {
    "Location Chassis":         [-2.877, 0.104, 0.376],
    "Location Upright":         [-2.877, 0.767, 0.284]
  },

  "Spring":
  {
    "Location Chassis":         [-2.961, 0.551, 0.650],
    "Location Arm":             [-2.962, 0.627, 0.197],
    "Spring Coefficient":       436095,
    "Free Length" :             0.526
  },

  "Shock":
  {
    "Location Chassis":         [-2.961, 0.551, 0.650],
    "Location Arm":             [-2.962, 0.627, 0.197],
    "Damping Coefficient":      3228.000
  },

  "Axle":
  {
    "Inertia":                  0.4
  }
}
