{
  "Name":                       "2003 Ford Expedition Front DoubleWishbone Curve",
  "Type":                       "Suspension",
  "Template":                   "DoubleWishbone",

  "Spindle" :
  {
    "Mass":                     0.0,
    "COM":                      [0.0, 0.851, 0.373],
    "Inertia":                  [0.0, 0.0, 0.0],
    "Radius":                   0.1,
    "Width":                    0.1905
  },

  "Upright":
  {
    "Mass":                     63.321,
    "COM":                      [-0.027, 0.845, 0.377],
    "Moments of Inertia":       [1.86040, 0.39191, 1.89370],
    "Products of Inertia":      [0, 0, 0],
    "Radius":                   0.025
  },

  "Upper Control Arm":
  {
    "Mass":                     3.357,
    "COM":                      [-0.015, 0.551, 0.709],
    "Moments of Inertia":       [0.09030, 0.06888, 0.04230],
    "Products of Inertia":      [0, 0, 0],
    "Radius":                   0.02,
    "Location Chassis Front":   [0.175, 0.478, 0.720],
    "Location Chassis Back":    [-0.163, 0.467, 0.701],
    "Location Upright":         [-0.051, 0.668, 0.706]
  },

  "Lower Control Arm":
  {
    "Mass":                     8.845,
    "COM":                      [0.03, 0.564, 0.254],
    "Moments of Inertia":       [0.31631, 0.20812, 0.15104],
    "Products of Inertia":      [0, 0, 0],
    "Radius":                   0.03,
    "Location Chassis Front":   [0.309, 0.368, 0.279],
    "Location Chassis Back":    [-0.165, 0.356, 0.296],
    "Location Upright":         [0.010, 0.787, 0.239]
  },

  "Tierod":
  {
    "Location Chassis":         [0.142, 0.450, 0.389],
    "Location Upright":         [0.142, 0.790, 0.366]
  },

  "Spring":
  {
    "Location Chassis":         [0.058, 0.531, 0.749],
    "Location Arm":             [0.057, 0.631, 0.290],
    "Free Length" :             0.5364, //0.5364
    "Minimum Length":           0.4300,
    "Maximum Length":           0.5389,
    "Curve Data":               [
      [-0.1065,-50000],
      [-0.1064,-19463  ],
      [-0.1037,-15723  ],
      [-0.101,-14381  ],
      [-0.0983,-13971  ],
      [-0.0957,-13718  ],
      [-0.0929,-13340  ],
      [-0.0901,-12898  ],
      [-0.0873,-12519  ],
      [-0.0847,-12140  ],
      [-0.0819,-11730  ],
      [-0.0791,-11319  ],
      [-0.0765,-10972  ],
      [-0.0737,-10657  ],
      [-0.0709,-10309  ],
      [-0.0681,-9931  ],
      [-0.0654,-9583  ],
      [-0.0626,-9268  ],
      [-0.0598,-8952  ],
      [-0.0572,-8621  ],
      [-0.0544,-8273  ],
      [-0.0515,-7910  ],
      [-0.0487,-7610  ],
      [-0.0459,-7279  ],
      [-0.0431,-6932  ],
      [-0.0403,-6569  ],
      [-0.0376,-6174  ],
      [-0.0349,-5827  ],
      [-0.032,-5448  ],
      [-0.0292,-5101  ],
      [-0.0263,-4722  ],
      [-0.0235,-4296  ],
      [-0.0207,-3854  ],
      [-0.0178,-3460  ],
      [-0.015,-3049  ],
      [-0.0121,-2670  ],
      [-0.0092,-2260  ],
      [-0.0063,-1771  ],
      [-0.0035,-1061  ],
      [-0.0004,-177  ],
      [0.0025,1007  ],
      [0.0026,10000]
    ]
  },

  "Shock":
  {
    "Location Chassis":         [0.058, 0.531, 0.749],
    "Location Arm":             [0.057, 0.631, 0.290],
    "Curve Data":               [
      [-0.8527,-1430.3 ],
      [-0.7485,-1358.6  ],
      [-0.5822,-1239  ],
      [-0.496,-1155.4  ],
      [-0.2836,-952.2  ],
      [-0.2114,-892.4  ],
      [-0.1212,-617.5  ],
      [-0.0872,-498  ],
      [-0.0631,-426.3  ],
      [-0.023,-175.3  ],
      [0.001,-8  ],
      [0.0491,482.1  ],
      [0.1132,1115.5  ],
      [0.1493,1450.2  ],
      [0.1774,1737.1  ],
      [0.2455,1964.1  ],
      [0.2856,2012  ],
      [0.3377,2083.7  ],
      [0.4279,2191.2  ],
      [0.6503,2430.3  ],
      [0.8086,2597.6  ],
      [0.8587,2657.4  ]
    ]
  },

  "Axle":
  {
    "Inertia":                  0.4
  }
}
