{
  "Name":                       "2003 Ford Expedition Rear DoubleWishbone Curve",
  "Type":                       "Suspension",
  "Template":                   "DoubleWishbone",

  "Spindle" :
  {
    "Mass":                     0.0,
    "COM":                      [-3.0226, 0.855, 0.373],
    "Inertia":                  [0.0, 0.0, 0.0],
    "Radius":                   0.1,
    "Width":                    0.1905
  },

  "Upright":
  {
    "Mass":                     57.470,
    "COM":                      [-3.035, 0.858, 0.376],
    "Moments of Inertia":       [1.41640, 0.26311, 1.59400],
    "Products of Inertia":      [0, 0, 0],
    "Radius":                   0.025
  },

  "Upper Control Arm":
  {
    "Mass":                     3.266,
    "COM":                      [-2.892, 0.610, 0.541],
    "Moments of Inertia":       [0.10548, 0.06252, 0.04664],
    "Products of Inertia":      [0, 0, 0],
    "Radius":                   0.02,
    "Location Chassis Front":   [-2.844, 0.579, 0.527],
    "Location Chassis Back":    [-3.182, 0.406, 0.561],
    "Location Upright":         [-3.070, 0.789, 0.533]
  },

  "Lower Control Arm":
  {
    "Mass":                     10.297,
    "COM":                      [-2.963, 0.554, 0.267],
    "Moments of Inertia":       [0.41095, 0.28797, 0.15619],
    "Products of Inertia":      [0, 0, 0],
    "Radius":                   0.03,
    "Location Chassis Front":   [-2.710, 0.565, 0.339],
    "Location Chassis Back":    [-3.184, 0.231, 0.305],
    "Location Upright":         [-3.009, 0.803, 0.244]
  },

  "Tierod":
  {    
    "Location Chassis":         [-2.877, 0.104, 0.376],
    "Location Upright":         [-2.877, 0.767, 0.284]
  },

  "Spring":
  {
    "Location Chassis":         [-2.961, 0.551, 0.650],
    "Location Arm":             [-2.962, 0.627, 0.197],
    "Free Length" :             0.526,
    "Minimum Length":           0.4063,
    "Maximum Length":           0.5234,
    "Curve Data":               [
      [-0.1164,-13734  ],
      [-0.113,-13340  ],
      [-0.1098,-13071  ],
      [-0.1064,-12708  ],
      [-0.1031,-12266  ],
      [-0.0998,-11888  ],
      [-0.0965,-11509  ],
      [-0.0932,-11162  ],
      [-0.09,-10814  ],
      [-0.0866,-10451  ],
      [-0.0834,-10073  ],
      [-0.0802,-9694  ],
      [-0.0768,-9331  ],
      [-0.0737,-8968  ],
      [-0.0704,-8636  ],
      [-0.0672,-8305  ],
      [-0.0639,-7926  ],
      [-0.0606,-7532  ],
      [-0.0574,-7247  ],
      [-0.0541,-6948  ],
      [-0.051,-6648  ],
      [-0.0477,-6332  ],
      [-0.0445,-6016  ],
      [-0.0412,-5717  ],
      [-0.0379,-5401  ],
      [-0.0348,-5054  ],
      [-0.0316,-4659  ],
      [-0.0284,-4249  ],
      [-0.0251,-3838  ],
      [-0.0219,-3396  ],
      [-0.0187,-2986  ],
      [-0.0154,-2513  ],
      [-0.0123,-1976  ],
      [-0.0091,-1503  ],
      [-0.0058,-997  ],
      [-0.0026,-445  ]
    ]
  },

  "Shock":
  {
    "Location Chassis":         [-2.961, 0.551, 0.650],
    "Location Arm":             [-2.962, 0.627, 0.197],
    "Curve Data":               [
      [-0.8480,-1530.1 ],
      [-0.744,-1457.8  ],
      [-0.574,-1313.3  ],
      [-0.478,-1216.9  ],
      [-0.376,-1132.5  ],
      [-0.284,-1060.2  ],
      [-0.208,-951.8  ],
      [-0.158,-855.4  ],
      [-0.11,-722.9  ],
      [-0.072,-566.3  ],
      [-0.036,-301.2  ],
      [0.004,24.1  ],
      [0.036,469.9  ],
      [0.066,855.4  ],
      [0.092,1156.6  ],
      [0.104,1337.3  ],
      [0.12,1506  ],
      [0.14,1686.7  ],
      [0.17,1771.1  ],
      [0.248,1915.7  ],
      [0.376,2108.4  ],
      [0.5,2277.1  ],
      [0.652,2469.9  ],
      [0.77,2662.7  ],
      [0.86,2819.3  ]
    ]
  },

  "Axle":
  {
    "Inertia":                  0.4
  }
}
